<T3DataStructure>
	<meta>
		<langDisable>1</langDisable>
	</meta>
	<sheets>
		<main>
			<ROOT>
				<TCEforms>
					<sheetTitle>SheetTitle</sheetTitle>
				</TCEforms>
				<type>array</type>
				<el>
					<settings.headline>
						<TCEforms>
							<label>LLL:EXT:tbs_articlesystem/Resources/Private/Language/locallang_db.xlf:tx_tbs_articlesystem_rubric_overview.headline</label>
							<config>
								<type>input</type>
								<size>30</size>
								<eval>trim</eval>
							</config>
						</TCEforms>
					</settings.headline>
					<settings.teasertext>
						<TCEforms>
							<label>LLL:EXT:tbs_articlesystem/Resources/Private/Language/locallang_db.xlf:tx_tbs_articlesystem_rubric_overview.teasertext</label>
							<config>
								<type>text</type>
								<cols>30</cols>
								<rows>5</rows>
								<eval>trim</eval>
							</config>
						</TCEforms>
					</settings.teasertext>
				</el>
			</ROOT>
		</main>
	</sheets>
</T3DataStructure>