<!--
	################################
	  @to_do Be Position Papier and unter der Lupe need to change
	################################
		--><T3DataStructure>
	<sheets>
		<!--
			################################
			  SHEET General Settings
			################################
		-->
		<sDEF>
			<ROOT>
				<TCEforms>
					<sheetTitle>LLL:EXT:tbs_articlesystem/Resources/Private/Language/locallang_db.xlf:flexforms_tab.settings</sheetTitle>
				</TCEforms>
				<type>array</type>
				<el>
					<switchableControllerActions>
						<TCEforms>
							<label>LLL:EXT:tbs_articlesystem/Resources/Private/Language/locallang_db.xlf:flexforms_general.mode</label>
							<onChange>reload</onChange>
							<config>
								<type>select</type>
								<renderType>selectSingle</renderType>
								<items>
									<numIndex index="1">
										<numIndex index="0">LLL:EXT:tbs_articlesystem/Resources/Private/Language/locallang_db.xlf:flexforms_general.mode.datarecords</numIndex>
										<numIndex index="1">CurrentDataRecords->latest</numIndex>
									</numIndex>
									<numIndex index="2">
										<numIndex index="0">LLL:EXT:tbs_articlesystem/Resources/Private/Language/locallang_db.xlf:flexforms_general.mode.pagetype</numIndex>
										<numIndex index="1">CurrentDataRecords->latestPageType</numIndex>
									</numIndex>
								</items>
							</config>
						</TCEforms>
					</switchableControllerActions>
					<settings.pressrelease>
						<TCEforms>
							<label>LLL:EXT:tbs_articlesystem/Resources/Private/Language/locallang_db.xlf:tx_tbsarticlesystem_domain_model_pressrelease.press_release</label>
							<displayCond>FIELD:switchableControllerActions:=:CurrentDataRecords->latest</displayCond>
							<config>
								<type>select</type>
								<renderType>selectMultipleSideBySide</renderType>
								<foreign_table>tx_tbsarticlesystem_domain_model_pressrelease</foreign_table>
								<foreign_table_where>and tx_tbsarticlesystem_domain_model_pressrelease.sys_language_uid in (-1,0) and tx_tbsarticlesystem_domain_model_pressrelease.t3ver_wsid=0 order by tx_tbsarticlesystem_domain_model_pressrelease.starttime DESC limit 0,5</foreign_table_where>
								<size>5</size>
								<maxitems>5</maxitems>
							</config>
						</TCEforms>
					</settings.pressrelease>

					<settings.comment>
						<TCEforms>
							<label>LLL:EXT:tbs_articlesystem/Resources/Private/Language/locallang_db.xlf:tx_tbsarticlesystem_domain_model_comment</label>
							<displayCond>FIELD:switchableControllerActions:=:CurrentDataRecords->latest</displayCond>
							<config>
								<type>select</type>
								<renderType>selectMultipleSideBySide</renderType>
								<foreign_table>tx_tbsarticlesystem_domain_model_comment</foreign_table>
								<foreign_table_where>and tx_tbsarticlesystem_domain_model_comment.sys_language_uid in (-1,0) and tx_tbsarticlesystem_domain_model_comment.t3ver_wsid=0 order by tx_tbsarticlesystem_domain_model_comment.starttime DESC limit 0,5</foreign_table_where>
								<size>5</size>
								<maxitems>5</maxitems>
							</config>
						</TCEforms>
					</settings.comment>




					<settings.statement>
						<TCEforms>
							<label>LLL:EXT:tbs_articlesystem/Resources/Private/Language/locallang_db.xlf:tx_tbsarticlesystem_domain_model_statement</label>
							<displayCond>FIELD:switchableControllerActions:=:CurrentDataRecords->latest</displayCond>
							<config>
								<type>select</type>
								<renderType>selectMultipleSideBySide</renderType>
								<foreign_table>tx_tbsarticlesystem_domain_model_statement</foreign_table>
								<foreign_table_where>and tx_tbsarticlesystem_domain_model_statement.sys_language_uid in (-1,0) and tx_tbsarticlesystem_domain_model_statement.t3ver_wsid=0 order by tx_tbsarticlesystem_domain_model_statement.starttime DESC limit 0,5</foreign_table_where>
								<size>5</size>
								<maxitems>5</maxitems>
							</config>
						</TCEforms>
					</settings.statement>


					<settings.positionpaper>
						<TCEforms>
							<label>LLL:EXT:tbs_articlesystem/Resources/Private/Language/locallang_db.xlf:tx_tbsarticlesystem_domain_model_positionpaper</label>
							<displayCond>FIELD:switchableControllerActions:=:CurrentDataRecords->latest</displayCond>
							<config>
								<type>select</type>
								<renderType>selectMultipleSideBySide</renderType>
								<foreign_table>pages</foreign_table>
								<foreign_table_where>and pages.sys_language_uid in (-1,0) and pages.hidden=0 and pages.deleted=0 and pages.doktype=154 and pages.t3ver_wsid=0 order by pages.tx_tbs_articlesystem_date DESC limit 0,5</foreign_table_where>
								<size>5</size>
								<maxitems>5</maxitems>
							</config>
						</TCEforms>
					</settings.positionpaper>

					<settings.heroteaser>
						<TCEforms>
							<label>LLL:EXT:tbs_articlesystem/Resources/Private/Language/locallang_db.xlf:flexforms_general.mode.heroteaser</label>
							<displayCond>FIELD:switchableControllerActions:=:CurrentDataRecords->latestPageType</displayCond>
							<config>
								<type>select</type>
								<itemsProcFunc>Tbs\TbsArticlesystem\Service\CurrentDataRecordsSettings->heroTeaserForBackend</itemsProcFunc>
								<renderType>selectMultipleSideBySide</renderType>
								<size>5</size>
								<maxitems>1</maxitems>
							</config>
						</TCEforms>
					</settings.heroteaser>

					<settings.checkbox>
						<TCEforms>
							<label>3er Teaser mit neusten Artikeln anzeigen</label>
							<displayCond>FIELD:switchableControllerActions:=:CurrentDataRecords->latestPageType</displayCond>
							<config>
								<type>check</type>
								<items type="array">
									<numIndex index="0" type="array">
										<numIndex index="0"></numIndex>
										<numIndex index="1"></numIndex>
									</numIndex>
								</items>
							</config>
						</TCEforms>
					</settings.checkbox>

					<settings.pagetypes>
						<TCEforms>
							<label>LLL:EXT:tbs_articlesystem/Resources/Private/Language/locallang_db.xlf:flexforms_general.mode.teaser</label>
							<displayCond>FIELD:switchableControllerActions:=:CurrentDataRecords->latestPageType</displayCond>
							<config>
								<type>select</type>
								<itemsProcFunc>Tbs\TbsArticlesystem\Service\CurrentDataRecordsSettings->pageTeaserForBackend</itemsProcFunc>
								<renderType>selectMultipleSideBySide</renderType>
								<size>3</size>
								<maxitems>3</maxitems>
							</config>
						</TCEforms>
					</settings.pagetypes>

				</el>
			</ROOT>
		</sDEF>

	</sheets>
</T3DataStructure>
